package	distribution	import_name	declared_runtime_status	ref_path	version	status	failure_reason	waiver_reason
anndata	anndata	anndata	installed	skills/scrna/scverse/refs/packages/anndata.md	0.12.13	installed		
bento	bento	bento	missing	skills/scrna/scverse/refs/packages/bento.md		missing	import: ModuleNotFoundError: No module named 'bento'	
biolord	biolord	biolord	missing	skills/scrna/scverse/refs/packages/biolord.md		missing	import: ModuleNotFoundError: No module named 'biolord'	
cell2location	cell2location	cell2location	missing	skills/scrna/scverse/refs/packages/cell2location.md		missing	import: ModuleNotFoundError: No module named 'cell2location'	
cellannotator	cellannotator	cellannotator	missing	skills/scrna/scverse/refs/packages/cellannotator.md		missing	import: ModuleNotFoundError: No module named 'cellannotator'	
cellcharter	cellcharter	cellcharter	missing	skills/scrna/scverse/refs/packages/cellcharter.md		missing	import: ModuleNotFoundError: No module named 'cellcharter'	
cellmapper	cellmapper	cellmapper	missing	skills/scrna/scverse/refs/packages/cellmapper.md		missing	import: ModuleNotFoundError: No module named 'cellmapper'	
celloracle	celloracle	celloracle	missing	skills/scrna/scverse/refs/packages/celloracle.md		missing	import: ModuleNotFoundError: No module named 'celloracle'	
cellphonedb	cellphonedb	cellphonedb	missing	skills/scrna/scverse/refs/packages/cellphonedb.md		missing	import: ModuleNotFoundError: No module named 'cellphonedb'	
cellrank	cellrank	cellrank	missing	skills/scrna/scverse/refs/packages/cellrank.md		missing	import: ModuleNotFoundError: No module named 'cellrank'	
dandelion	dandelion	dandelion	missing	skills/scrna/scverse/refs/packages/dandelion.md		missing	import: ModuleNotFoundError: No module named 'dandelion'	
decoupler	decoupler	decoupler	missing	skills/scrna/scverse/refs/packages/decoupler.md		missing	import: ModuleNotFoundError: No module named 'decoupler'	
doubletdetection	doubletdetection	doubletdetection	missing	skills/scrna/scverse/refs/packages/doubletdetection.md		missing	import: ModuleNotFoundError: No module named 'doubletdetection'	
dynamo	dynamo	dynamo	missing	skills/scrna/scverse/refs/packages/dynamo.md		missing	import: ModuleNotFoundError: No module named 'dynamo'	
episcanpy	episcanpy	episcanpy	missing	skills/scrna/scverse/refs/packages/episcanpy.md		missing	import: ModuleNotFoundError: No module named 'episcanpy'	
hotspot	hotspot	hotspot	missing	skills/scrna/scverse/refs/packages/hotspot.md		missing	import: ModuleNotFoundError: No module named 'hotspot'	
infercnvpy	infercnvpy	infercnvpy	missing	skills/scrna/scverse/refs/packages/infercnvpy.md		missing	import: ModuleNotFoundError: No module named 'infercnvpy'	
liana	liana	liana	missing	skills/scrna/scverse/refs/packages/liana.md		missing	import: ModuleNotFoundError: No module named 'liana'	
moscot	moscot	moscot	missing	skills/scrna/scverse/refs/packages/moscot.md		missing	import: ModuleNotFoundError: No module named 'moscot'	
mudata	mudata	mudata	missing	skills/scrna/scverse/refs/packages/mudata.md		missing	import: ModuleNotFoundError: No module named 'mudata'	
muon	muon	muon	missing	skills/scrna/scverse/refs/packages/muon.md		missing	import: ModuleNotFoundError: No module named 'muon'	
muon_tutorials	muon_tutorials	muon_tutorials	missing	skills/scrna/scverse/refs/packages/muon_tutorials.md		missing	import: ModuleNotFoundError: No module named 'muon_tutorials'	
omicverse	omicverse	omicverse	missing	skills/scrna/scverse/refs/packages/omicverse.md		missing	import: ModuleNotFoundError: No module named 'omicverse'	
palantir	palantir	palantir	missing	skills/scrna/scverse/refs/packages/palantir.md		missing	import: ModuleNotFoundError: No module named 'palantir'	
pegasus	pegasus	pegasus	missing	skills/scrna/scverse/refs/packages/pegasus.md		missing	import: ModuleNotFoundError: No module named 'pegasus'	
pertpy	pertpy	pertpy	missing	skills/scrna/scverse/refs/packages/pertpy.md		missing	import: ModuleNotFoundError: No module named 'pertpy'	
popv	popv	popv	missing	skills/scrna/scverse/refs/packages/popv.md		missing	import: ModuleNotFoundError: No module named 'popv'	
pydeseq2	pydeseq2	pydeseq2	missing	skills/scrna/scverse/refs/packages/pydeseq2.md		missing	import: ModuleNotFoundError: No module named 'pydeseq2'	
pyscenic	pyscenic	pyscenic	missing	skills/scrna/scverse/refs/packages/pyscenic.md		missing	import: ModuleNotFoundError: No module named 'pyscenic'	
pyucell	pyucell	pyucell	missing	skills/scrna/scverse/refs/packages/pyucell.md		missing	import: ModuleNotFoundError: No module named 'pyucell'	
rapids_singlecell	rapids-singlecell	rapids_singlecell	missing	skills/scrna/scverse/refs/packages/rapids_singlecell.md		missing	import: ModuleNotFoundError: No module named 'rapids_singlecell'	
scanpy	scanpy	scanpy	installed	skills/scrna/scverse/refs/packages/scanpy.md	1.11.5	installed		
scfates	scFates	scFates	missing	skills/scrna/scverse/refs/packages/scfates.md		missing	import: ModuleNotFoundError: No module named 'scFates'	
scgen	scgen	scgen	missing	skills/scrna/scverse/refs/packages/scgen.md		missing	import: ModuleNotFoundError: No module named 'scgen'	
schist	schist	schist	missing	skills/scrna/scverse/refs/packages/schist.md		missing	import: ModuleNotFoundError: No module named 'schist'	
scib	scib	scib	missing	skills/scrna/scverse/refs/packages/scib.md		missing	import: ModuleNotFoundError: No module named 'scib'	
scirpy	scirpy	scirpy	missing	skills/scrna/scverse/refs/packages/scirpy.md		missing	import: ModuleNotFoundError: No module named 'scirpy'	
scvelo	scvelo	scvelo	missing	skills/scrna/scverse/refs/packages/scvelo.md		missing	import: ModuleNotFoundError: No module named 'scvelo'	
scvi_tools	scvi-tools	scvi	missing	skills/scrna/scverse/refs/packages/scvi_tools.md		missing	import: ModuleNotFoundError: No module named 'scvi'	
scyan	scyan	scyan	missing	skills/scrna/scverse/refs/packages/scyan.md		missing	import: ModuleNotFoundError: No module named 'scyan'	
sincei	sincei	sincei	missing	skills/scrna/scverse/refs/packages/sincei.md		missing	import: ModuleNotFoundError: No module named 'sincei'	
snapatac2	snapatac2	snapatac2	missing	skills/scrna/scverse/refs/packages/snapatac2.md		missing	import: ModuleNotFoundError: No module named 'snapatac2'	
sopa	sopa	sopa	missing	skills/scrna/scverse/refs/packages/sopa.md		missing	import: ModuleNotFoundError: No module named 'sopa'	
spatialdata	spatialdata	spatialdata	missing	skills/scrna/scverse/refs/packages/spatialdata.md		missing	import: ModuleNotFoundError: No module named 'spatialdata'	
squidpy	squidpy	squidpy	missing	skills/scrna/scverse/refs/packages/squidpy.md		missing	import: ModuleNotFoundError: No module named 'squidpy'	
tangram	tangram	tangram	missing	skills/scrna/scverse/refs/packages/tangram.md		missing	import: ModuleNotFoundError: No module named 'tangram'	
